date,open,high,low,close,volume
1780070400,137672.96,2055.0,2045.0,2050.0,24
1780074000,171178.63,2055.0,2045.0,2050.0,39
1780077600,171260.76,2055.0,2045.0,2050.0,40
1780081200,171260.76,2055.0,2045.0,2050.0,40
1780084800,171260.76,2055.0,2045.0,2050.0,40
1780088400,171260.76,2055.0,2045.0,2050.0,40
1780092000,171260.76,2055.0,2045.0,2050.0,40
1780095600,171260.76,2055.0,2045.0,2050.0,40
1780099200,171260.76,2055.0,2045.0,2050.0,40
1780102800,171260.76,2055.0,2045.0,2050.0,40
1780106400,171260.76,2055.0,2045.0,2050.0,40
1780110000,171260.76,2055.0,2045.0,2050.0,40
1780113600,171260.76,2055.0,2045.0,2050.0,40
1780117200,171260.76,2055.0,2045.0,2050.0,40
1780120800,171260.76,2055.0,2045.0,2050.0,40
1780124400,171260.76,2055.0,2045.0,2050.0,40
1780128000,171260.76,2055.0,2045.0,2050.0,40
1780131600,171260.76,2055.0,2045.0,2050.0,40
1780135200,171260.76,2055.0,2045.0,2050.0,40
1780138800,171260.76,2055.0,2045.0,2050.0,40
1780142400,171260.76,2055.0,2045.0,2050.0,40
1780146000,171260.76,2055.0,2045.0,2050.0,40
1780149600,171260.76,2055.0,2045.0,2050.0,40
1780153200,171260.76,2055.0,2045.0,2050.0,40
1780156800,171260.76,2055.0,2045.0,2050.0,40
1780160400,171260.76,2055.0,2045.0,2050.0,40
1780164000,171260.76,2055.0,2045.0,2050.0,40
1780167600,171260.76,2055.0,2045.0,2050.0,40
1780171200,171260.76,2055.0,2045.0,2050.0,40
1780174800,171260.76,2055.0,2045.0,2050.0,40
1780178400,171260.76,2055.0,2045.0,2050.0,40
1780182000,171260.76,2055.0,2045.0,2050.0,40
1780185600,171260.76,2055.0,2045.0,2050.0,40
1780189200,171260.76,2055.0,2045.0,2050.0,40
1780192800,171260.76,2055.0,2045.0,2050.0,40
1780196400,181387.09,2055.0,2045.0,2050.0,46
1780200000,181387.09,2055.0,2045.0,2050.0,46
1780203600,181387.09,2055.0,2045.0,2050.0,46
1780207200,181387.09,2055.0,2045.0,2050.0,46
1780210800,181387.09,2055.0,2045.0,2050.0,46
1780214400,181387.09,2055.0,2045.0,2050.0,46
1780218000,181387.09,2055.0,2045.0,2050.0,46
1780221600,181387.09,2055.0,2045.0,2050.0,46
1780225200,181387.09,2055.0,2045.0,2050.0,46
1780228800,181387.09,2055.0,2045.0,2050.0,46
1780232400,181387.09,2055.0,2045.0,2050.0,46
1780236000,181387.09,2055.0,2045.0,2050.0,46
1780239600,181387.09,2055.0,2045.0,2050.0,46
1780243200,181387.09,2055.0,2045.0,2050.0,46
1780246800,181387.09,2055.0,2045.0,2050.0,46
1780250400,181387.09,2055.0,2045.0,2050.0,46
1780254000,181387.09,2055.0,2045.0,2050.0,46
1780257600,181387.09,2055.0,2045.0,2050.0,46
1780261200,181387.09,2055.0,2045.0,2050.0,46
1780264800,181387.09,2055.0,2045.0,2050.0,46
1780268400,181387.09,2055.0,2045.0,2050.0,46
1780272000,181387.09,2055.0,2045.0,2050.0,46
1780275600,181387.09,2055.0,2045.0,2050.0,46
1780279200,181387.09,2055.0,2045.0,2050.0,46
1780282800,181387.09,2055.0,2045.0,2050.0,46
1780286400,181387.09,2055.0,2045.0,2050.0,46
1780290000,181387.09,2055.0,2045.0,2050.0,46
1780293600,181387.09,2055.0,2045.0,2050.0,46
1780297200,181387.09,2055.0,2045.0,2050.0,46
1780300800,181387.09,2055.0,2045.0,2050.0,46
1780304400,181387.09,2055.0,2045.0,2050.0,46
1780308000,181387.09,2055.0,2045.0,2050.0,46
1780311600,181387.09,2055.0,2045.0,2050.0,46
1780315200,181387.09,2055.0,2045.0,2050.0,46
1780318800,181387.09,2055.0,2045.0,2050.0,46
1780322400,181387.09,2055.0,2045.0,2050.0,46
1780326000,181387.09,2055.0,2045.0,2050.0,46
1780329600,181387.09,2055.0,2045.0,2050.0,46
1780333200,181387.09,2055.0,2045.0,2050.0,46
1780336800,213651.84,1995.0,1985.0,1990.0,514
1780340400,213651.84,1995.0,1985.0,1990.0,514
1780344000,213651.84,1995.0,1985.0,1990.0,514
1780347600,213651.84,1995.0,1985.0,1990.0,514
1780351200,213651.84,1995.0,1985.0,1990.0,517
1780354800,213651.84,1995.0,1985.0,1990.0,518
1780358400,213651.84,1995.0,1985.0,1990.0,518
1780362000,213651.84,1995.0,1985.0,1990.0,520
1780365600,213651.84,1995.0,1985.0,1990.0,520
1780369200,214885.18,1995.0,1985.0,1990.0,523
1780372800,214885.18,1995.0,1985.0,1990.0,527
1780376400,214885.18,1995.0,1985.0,1990.0,530
1780380000,214885.18,1995.0,1985.0,1990.0,532
1780383600,215124.33,1995.0,1985.0,1990.0,533
1780387200,217079.17,1995.0,1985.0,1990.0,535
1780390800,217079.17,1995.0,1985.0,1990.0,535
1780394400,217079.17,1995.0,1985.0,1990.0,535
1780398000,222607.17,1995.0,1985.0,1990.0,539
1780401600,223542.57,1995.0,1985.0,1990.0,541
1780405200,226222.57,1995.0,1985.0,1990.0,542
1780408800,226440.98,1995.0,1985.0,1990.0,543
1780412400,226440.98,1995.0,1985.0,1990.0,543
1780416000,226440.98,1995.0,1985.0,1990.0,543
1780419600,226440.98,1995.0,1985.0,1990.0,543
1780423200,226440.98,1995.0,1985.0,1990.0,543
1780426800,226440.98,1995.0,1985.0,1990.0,543
1780430400,226440.98,1995.0,1985.0,1990.0,543
1780434000,226440.98,1995.0,1985.0,1990.0,543
1780437600,226440.98,1995.0,1985.0,1990.0,543
1780441200,226440.98,1995.0,1985.0,1990.0,543
1780444800,226440.98,1995.0,1985.0,1990.0,543
1780448400,327060.46,2005.0,1995.0,2000.0,498
1780452000,327060.46,2005.0,1995.0,2000.0,498
1780455600,327060.46,2005.0,1995.0,2000.0,498
1780459200,327060.46,2005.0,1995.0,2000.0,498
1780462800,327060.46,2005.0,1995.0,2000.0,498
1780466400,327060.46,2005.0,1995.0,2000.0,498
1780470000,327060.46,2005.0,1995.0,2000.0,498
1780473600,327060.46,2005.0,1995.0,2000.0,498
1780477200,327060.46,2005.0,1995.0,2000.0,498
1780480800,327060.46,2005.0,1995.0,2000.0,498
1780484400,327060.46,2005.0,1995.0,2000.0,498
1780488000,327060.46,2005.0,1995.0,2000.0,498
1780491600,327060.46,2005.0,1995.0,2000.0,498
1780495200,327060.46,2005.0,1995.0,2000.0,498
1780498800,327060.46,2005.0,1995.0,2000.0,498
1780502400,327060.46,2005.0,1995.0,2000.0,498
1780506000,327060.46,2005.0,1995.0,2000.0,498
1780509600,327060.46,2005.0,1995.0,2000.0,498
1780513200,327060.46,2005.0,1995.0,2000.0,498
1780516800,327060.46,2005.0,1995.0,2000.0,498
1780520400,327060.46,2005.0,1995.0,2000.0,498
1780524000,520357.69,1855.0,1845.0,1850.0,413
1780527600,520357.69,1855.0,1845.0,1850.0,413
1780531200,520357.69,1855.0,1845.0,1850.0,413
1780534800,520357.69,1855.0,1845.0,1850.0,413
1780538400,520357.69,1855.0,1845.0,1850.0,413
1780542000,520357.69,1855.0,1845.0,1850.0,413
1780545600,647482.26,1885.0,1875.0,1880.0,458
1780549200,647482.26,1885.0,1875.0,1880.0,458
1780552800,647482.26,1885.0,1875.0,1880.0,458
1780556400,647482.26,1885.0,1875.0,1880.0,458
1780560000,647482.26,1885.0,1875.0,1880.0,458
1780563600,647482.26,1885.0,1875.0,1880.0,458
1780567200,647482.26,1885.0,1875.0,1880.0,458
1780570800,647482.26,1885.0,1875.0,1880.0,458
1780574400,647482.26,1885.0,1875.0,1880.0,458
1780578000,647482.26,1885.0,1875.0,1880.0,458
1780581600,647482.26,1885.0,1875.0,1880.0,458
1780585200,647482.26,1885.0,1875.0,1880.0,458
1780588800,647482.26,1885.0,1875.0,1880.0,458
1780592400,647482.26,1885.0,1875.0,1880.0,458
1780596000,586182.72,2045.0,2035.0,2040.0,83
1780599600,580685.11,2045.0,2035.0,2040.0,78
1780603200,580685.11,2045.0,2035.0,2040.0,78
1780606800,580685.11,2045.0,2035.0,2040.0,78
1780610400,580685.11,2045.0,2035.0,2040.0,78
1780614000,580685.11,2045.0,2035.0,2040.0,78
1780617600,580685.11,2045.0,2035.0,2040.0,78
1780621200,580685.11,2045.0,2035.0,2040.0,78
1780624800,580685.11,2045.0,2035.0,2040.0,78
1780628400,580685.11,2045.0,2035.0,2040.0,78
1780632000,580685.11,2045.0,2035.0,2040.0,78
1780635600,580685.11,2045.0,2035.0,2040.0,78
1780639200,580685.11,2045.0,2035.0,2040.0,78
1780642800,580685.11,2045.0,2035.0,2040.0,78
1780646400,647482.26,1885.0,1875.0,1880.0,458
1780650000,647482.26,1885.0,1875.0,1880.0,458
1780653600,682354.92,2025.0,2015.0,2020.0,101
1780657200,682354.92,2025.0,2015.0,2020.0,101
1780660800,682152.74,2025.0,2015.0,2020.0,100
1780664400,682152.74,2025.0,2015.0,2020.0,100
1780668000,681286.19,2025.0,2015.0,2020.0,99
1780671600,681286.19,2025.0,2015.0,2020.0,99
1780675200,647482.26,1885.0,1875.0,1880.0,458
1780678800,682757.34,1815.0,1805.0,1810.0,506
1780682400,682757.34,1815.0,1805.0,1810.0,506
1780686000,682757.34,1815.0,1805.0,1810.0,506
1780689600,2292320.15,1585.0,1575.0,1580.0,1320
1780693200,2672515.05,1665.0,1655.0,1660.0,1287
1780696800,2672515.05,1665.0,1655.0,1660.0,1287
1780700400,2672515.05,1665.0,1655.0,1660.0,1287
1780704000,2672515.05,1665.0,1655.0,1660.0,1287
1780707600,2672515.05,1665.0,1655.0,1660.0,1287
1780711200,2672515.05,1665.0,1655.0,1660.0,1287
1780714800,2672515.05,1665.0,1655.0,1660.0,1287
1780718400,2672515.05,1665.0,1655.0,1660.0,1287
1780722000,2672515.05,1665.0,1655.0,1660.0,1287
1780725600,2672515.05,1665.0,1655.0,1660.0,1287
1780729200,3219238.97,1595.0,1585.0,1590.0,1472
1780732800,3253087.92,1595.0,1585.0,1590.0,1481
1780736400,4287920.18,1585.0,1575.0,1580.0,1821
1780740000,4293954.41,1585.0,1575.0,1580.0,1870
1780743600,4293954.41,1585.0,1575.0,1580.0,1870
1780747200,4293954.41,1585.0,1575.0,1580.0,1870
1780750800,4344537.97,1585.0,1575.0,1580.0,1889
1780754400,4344537.97,1585.0,1575.0,1580.0,1889
1780758000,4344537.97,1585.0,1575.0,1580.0,1889
1780761600,4344537.97,1585.0,1575.0,1580.0,1889
1780765200,4344537.97,1585.0,1575.0,1580.0,1889
1780768800,4344537.97,1585.0,1575.0,1580.0,1889
1780772400,4344537.97,1585.0,1575.0,1580.0,1889
1780776000,4344537.97,1585.0,1575.0,1580.0,1889
1780779600,4344537.97,1585.0,1575.0,1580.0,1889
1780783200,4344537.97,1585.0,1575.0,1580.0,1889
1780786800,4344537.97,1585.0,1575.0,1580.0,1889
1780790400,4354826.05,1585.0,1575.0,1580.0,1895
1780794000,4422826.4,1585.0,1575.0,1580.0,1905
1780797600,5792607.78,1585.0,1575.0,1580.0,1976
1780801200,5792623.62,1585.0,1575.0,1580.0,2010
1780804800,5792623.62,1585.0,1575.0,1580.0,2012
1780808400,5792623.62,1585.0,1575.0,1580.0,2040
1780812000,5792623.62,1585.0,1575.0,1580.0,2040
1780815600,6807517.07,1625.0,1615.0,1620.0,1072
1780819200,6807533.25,1625.0,1615.0,1620.0,1073
1780822800,7539060.6,1565.0,1555.0,1560.0,2122
1780826400,7581340.5,1625.0,1615.0,1620.0,1154
1780830000,7581340.5,1625.0,1615.0,1620.0,1181
1780833600,7581340.5,1625.0,1615.0,1620.0,1214
1780837200,7831188.63,1625.0,1615.0,1620.0,1283
1780840800,8135039.13,1575.0,1565.0,1570.0,1902
1780844400,8135039.13,1575.0,1565.0,1570.0,1902
1780848000,8135039.13,1575.0,1565.0,1570.0,1902
1780851600,8135039.13,1575.0,1565.0,1570.0,1902
1780855200,8135039.13,1575.0,1565.0,1570.0,1902
1780858800,8135039.13,1575.0,1565.0,1570.0,1902
1780862400,8135039.13,1575.0,1565.0,1570.0,1902
1780866000,8135039.13,1575.0,1565.0,1570.0,1902
1780869600,8135039.13,1575.0,1565.0,1570.0,1902
1780873200,9985661.71,1655.0,1645.0,1650.0,1301
1780876800,9985661.71,1655.0,1645.0,1650.0,1301
1780880400,9985661.71,1655.0,1645.0,1650.0,1301
1780884000,9985661.71,1655.0,1645.0,1650.0,1301
1780887600,9985661.71,1655.0,1645.0,1650.0,1301
1780891200,9985661.71,1655.0,1645.0,1650.0,1301
1780894800,9985661.71,1655.0,1645.0,1650.0,1344
1780898400,10000376.16,1655.0,1645.0,1650.0,1443
1780902000,10001008.23,1655.0,1645.0,1650.0,1445
1780905600,10001008.23,1655.0,1645.0,1650.0,1445
1780909200,10001008.23,1655.0,1645.0,1650.0,1455
1780912800,10001008.23,1655.0,1645.0,1650.0,1476
1780916400,10001008.23,1655.0,1645.0,1650.0,1476
1780920000,10194360.64,1605.0,1595.0,1600.0,1807
1780923600,10194360.64,1605.0,1595.0,1600.0,1807
1780927200,10194360.64,1605.0,1595.0,1600.0,1807
1780930800,10194360.64,1605.0,1595.0,1600.0,1807
1780934400,10194360.64,1605.0,1595.0,1600.0,1807
1780938000,10194360.64,1605.0,1595.0,1600.0,1807
1780941600,10194360.64,1605.0,1595.0,1600.0,1807
1780945200,10194360.64,1605.0,1595.0,1600.0,1807
1780948800,10194360.64,1605.0,1595.0,1600.0,1807
1780952400,10194360.64,1605.0,1595.0,1600.0,1807
1780956000,10194360.64,1605.0,1595.0,1600.0,1807
1780959600,10194360.64,1605.0,1595.0,1600.0,1807
1780963200,10194360.64,1605.0,1595.0,1600.0,1807
1780966800,10194360.64,1605.0,1595.0,1600.0,1807
1780970400,10194360.64,1605.0,1595.0,1600.0,1807
1780974000,10194360.64,1605.0,1595.0,1600.0,1807
1780977600,10194360.64,1605.0,1595.0,1600.0,1807
1780981200,10268308.99,1695.0,1685.0,1690.0,1741
1780984800,10271191.83,1595.0,1585.0,1590.0,1854
1780988400,10271191.83,1595.0,1585.0,1590.0,1854
1780992000,10271191.83,1595.0,1585.0,1590.0,1854
1780995600,10271191.83,1595.0,1585.0,1590.0,1854
1780999200,10271191.83,1595.0,1585.0,1590.0,1854
1781002800,10271191.83,1595.0,1585.0,1590.0,1854
1781006400,10271191.83,1595.0,1585.0,1590.0,1854
1781010000,10337509.98,1685.0,1675.0,1680.0,1993
1781013600,10441272.86,1685.0,1675.0,1680.0,2018
1781017200,10441272.86,1685.0,1675.0,1680.0,2018
1781020800,10496100.1,1695.0,1685.0,1690.0,1833
1781024400,10496100.1,1695.0,1685.0,1690.0,1833
1781028000,10496100.1,1695.0,1685.0,1690.0,1833
1781031600,10496100.1,1695.0,1685.0,1690.0,1833
1781035200,10496100.1,1695.0,1685.0,1690.0,1833
1781038800,10496100.1,1695.0,1685.0,1690.0,1833
1781042400,10496100.1,1695.0,1685.0,1690.0,1833
1781046000,10496100.1,1695.0,1685.0,1690.0,1833
1781049600,10496100.1,1695.0,1685.0,1690.0,1833
1781053200,10496100.1,1695.0,1685.0,1690.0,1833
1781056800,10496100.1,1695.0,1685.0,1690.0,1833
1781060400,10496100.1,1695.0,1685.0,1690.0,1833
1781064000,10496100.1,1695.0,1685.0,1690.0,1833
1781067600,10496100.1,1695.0,1685.0,1690.0,1833
1781071200,10496100.1,1695.0,1685.0,1690.0,1833
1781074800,10496100.1,1695.0,1685.0,1690.0,1833
1781078400,10496100.1,1695.0,1685.0,1690.0,1833
1781082000,10496100.1,1695.0,1685.0,1690.0,1833
1781085600,10496100.1,1695.0,1685.0,1690.0,1833
1781089200,10496100.1,1695.0,1685.0,1690.0,1833
1781092800,10496100.1,1695.0,1685.0,1690.0,1833
1781096400,11265331.86,1725.0,1715.0,1720.0,1118
1781100000,11265331.86,1725.0,1715.0,1720.0,1118
1781103600,11265331.86,1725.0,1715.0,1720.0,1118
1781107200,11265331.86,1725.0,1715.0,1720.0,1118
1781110800,11265331.86,1725.0,1715.0,1720.0,1118
1781114400,11265331.86,1725.0,1715.0,1720.0,1118
1781118000,11265331.86,1725.0,1715.0,1720.0,1118
1781121600,11265331.86,1725.0,1715.0,1720.0,1118
1781125200,11265331.86,1725.0,1715.0,1720.0,1118
1781128800,11265331.86,1725.0,1715.0,1720.0,1118
1781132400,11265331.86,1725.0,1715.0,1720.0,1118
1781136000,11265331.86,1725.0,1715.0,1720.0,1118
1781139600,11265331.86,1725.0,1715.0,1720.0,1118
1781143200,11265331.86,1725.0,1715.0,1720.0,1118
1781146800,11265331.86,1725.0,1715.0,1720.0,700
1781150400,11265331.86,1725.0,1715.0,1720.0,700
1781154000,11265331.86,1725.0,1715.0,1720.0,700
1781157600,11265331.86,1725.0,1715.0,1720.0,700
1781161200,11265331.86,1725.0,1715.0,1720.0,700
1781164800,11265331.86,1725.0,1715.0,1720.0,700
1781168400,11265331.86,1725.0,1715.0,1720.0,700
1781172000,11265331.86,1725.0,1715.0,1720.0,700
1781175600,11265331.86,1725.0,1715.0,1720.0,672
1781179200,11265331.86,1725.0,1715.0,1720.0,667
1781182800,11265331.86,1725.0,1715.0,1720.0,667
1781186400,11265331.86,1725.0,1715.0,1720.0,667
1781190000,11265331.86,1725.0,1715.0,1720.0,667
1781193600,11265331.86,1725.0,1715.0,1720.0,667
1781197200,11265331.86,1725.0,1715.0,1720.0,667
1781200800,13317426.35,1645.0,1635.0,1640.0,2860
1781204400,13317426.35,1645.0,1635.0,1640.0,2860
1781208000,13718815.57,1695.0,1685.0,1690.0,2016
1781211600,13718815.57,1695.0,1685.0,1690.0,2016
1781215200,13982402.06,1695.0,1685.0,1690.0,2033
1781218800,13983399.47,1695.0,1685.0,1690.0,2034
1781222400,13983399.47,1695.0,1685.0,1690.0,2034
1781226000,13983399.47,1695.0,1685.0,1690.0,2034
1781229600,13983399.47,1695.0,1685.0,1690.0,2034
1781233200,13983399.47,1695.0,1685.0,1690.0,2034
1781236800,13983399.47,1695.0,1685.0,1690.0,2034
1781240400,13990567.01,1695.0,1685.0,1690.0,2038
1781244000,13990567.01,1695.0,1685.0,1690.0,1477
1781247600,13781887.41,1695.0,1685.0,1690.0,1435
1781251200,13269642.21,1695.0,1685.0,1690.0,1430
1781254800,13269894.98,1695.0,1685.0,1690.0,1431
1781258400,13556859.87,1695.0,1685.0,1690.0,1374
1781262000,13551899.65,1695.0,1685.0,1690.0,1371
1781265600,13546650.9,1695.0,1685.0,1690.0,1364
1781269200,13546650.9,1695.0,1685.0,1690.0,1364
1781272800,13241653.23,1695.0,1685.0,1690.0,1363
1781276400,13487584.77,1695.0,1685.0,1690.0,1394
1781280000,16004708.27,1695.0,1685.0,1690.0,1490
1781283600,16004708.27,1695.0,1685.0,1690.0,1490
1781287200,16004708.27,1695.0,1685.0,1690.0,1490
1781290800,16004708.27,1695.0,1685.0,1690.0,1490
1781294400,16004708.27,1695.0,1685.0,1690.0,1490
1781298000,16004708.27,1695.0,1685.0,1690.0,1490
1781301600,16004708.27,1695.0,1685.0,1690.0,1490
1781305200,16004708.27,1695.0,1685.0,1690.0,1490
1781308800,16004708.27,1695.0,1685.0,1690.0,1490
1781312400,16004708.27,1695.0,1685.0,1690.0,1490
1781316000,16004708.27,1695.0,1685.0,1690.0,1490
1781319600,16004708.27,1695.0,1685.0,1690.0,1490
1781323200,16004708.27,1695.0,1685.0,1690.0,1490
1781326800,16004708.27,1695.0,1685.0,1690.0,1490
1781330400,16004708.27,1695.0,1685.0,1690.0,1490
1781334000,16004708.27,1695.0,1685.0,1690.0,1490
1781337600,16004708.27,1695.0,1685.0,1690.0,1490
1781341200,16008226.17,1695.0,1685.0,1690.0,1497
1781344800,16008226.17,1695.0,1685.0,1690.0,1497
1781348400,16008226.17,1695.0,1685.0,1690.0,1497
1781352000,16010080.29,1695.0,1685.0,1690.0,1499
1781355600,16728762.28,1695.0,1685.0,1690.0,1521
1781359200,16729640.3,1695.0,1685.0,1690.0,1522
1781362800,16729758.4,1695.0,1685.0,1690.0,1523
1781366400,16958744.22,1695.0,1685.0,1690.0,1546
1781370000,16958794.84,1695.0,1685.0,1690.0,1547
1781373600,16958794.84,1695.0,1685.0,1690.0,1547
1781377200,16959859.25,1695.0,1685.0,1690.0,1551
1781380800,16959859.25,1695.0,1685.0,1690.0,1551
1781384400,16959859.25,1695.0,1685.0,1690.0,1551
1781388000,17950598.72,1685.0,1675.0,1680.0,2138
1781391600,17950598.72,1685.0,1675.0,1680.0,2149
1781395200,17950598.72,1685.0,1675.0,1680.0,2161
1781398800,17965626.46,1685.0,1675.0,1680.0,2171
1781402400,17984667.66,1685.0,1675.0,1680.0,2180
1781406000,17985352.56,1685.0,1675.0,1680.0,2190
1781409600,18009485.7,1685.0,1675.0,1680.0,2201
1781413200,18084531.2,1685.0,1675.0,1680.0,2230
1781416800,18096969.16,1685.0,1675.0,1680.0,2241
1781420400,18100651.47,1685.0,1675.0,1680.0,2256
1781424000,18100668.29,1685.0,1675.0,1680.0,2262
1781427600,18108245.85,1685.0,1675.0,1680.0,2269
1781431200,13310244.48,1655.0,1645.0,1650.0,1751
1781434800,13310244.48,1655.0,1645.0,1650.0,1751
1781438400,13310244.48,1655.0,1645.0,1650.0,1751
1781442000,13310244.48,1655.0,1645.0,1650.0,1751
1781445600,13310244.48,1655.0,1645.0,1650.0,1751
1781449200,13212063.16,1655.0,1645.0,1650.0,1846
1781452800,13212063.16,1655.0,1645.0,1650.0,1846
1781456400,13212063.16,1655.0,1645.0,1650.0,1846
1781460000,13212063.16,1655.0,1645.0,1650.0,1846
1781463600,13212063.16,1655.0,1645.0,1650.0,1853
1781467200,13212063.16,1655.0,1645.0,1650.0,1853
1781470800,13212063.16,1655.0,1645.0,1650.0,1853
1781474400,16484686.54,1725.0,1715.0,1720.0,298
1781478000,10925956.24,1675.0,1665.0,1670.0,2448
1781481600,10925956.24,1675.0,1665.0,1670.0,2438
1781485200,10925956.24,1675.0,1665.0,1670.0,2438
1781488800,10925956.24,1675.0,1665.0,1670.0,2381
1781492400,10925956.24,1675.0,1665.0,1670.0,2378
1781496000,10925956.24,1675.0,1665.0,1670.0,2363
1781499600,10855830.09,1675.0,1665.0,1670.0,2302
1781503200,10855830.09,1675.0,1665.0,1670.0,2302
1781506800,10201162.12,1675.0,1665.0,1670.0,2248
1781510400,9856683.63,1675.0,1665.0,1670.0,2199
1781514000,9853941.84,1675.0,1665.0,1670.0,2179
1781517600,9268550.72,1675.0,1665.0,1670.0,2132
1781521200,11457826.37,1655.0,1645.0,1650.0,1626
1781524800,11457826.37,1655.0,1645.0,1650.0,1626
1781528400,11457826.37,1655.0,1645.0,1650.0,1626
1781532000,11457826.37,1655.0,1645.0,1650.0,1626
1781535600,11457826.37,1655.0,1645.0,1650.0,1626
1781539200,9044658.79,1675.0,1665.0,1670.0,1994
1781542800,9044658.79,1675.0,1665.0,1670.0,1988
1781546400,9044658.79,1675.0,1665.0,1670.0,1951
1781550000,9044658.79,1675.0,1665.0,1670.0,1936
1781553600,9044658.79,1675.0,1665.0,1670.0,1936
1781557200,9044658.79,1675.0,1665.0,1670.0,1933
1781560800,9044658.79,1675.0,1665.0,1670.0,1933
1781564400,9044658.79,1675.0,1665.0,1670.0,1933
1781568000,9044658.79,1675.0,1665.0,1670.0,1933
1781571600,9018563.14,1675.0,1665.0,1670.0,1824
1781575200,8835011.01,1675.0,1665.0,1670.0,1778
1781578800,8718875.53,1675.0,1665.0,1670.0,1752
1781582400,8560789.43,1675.0,1665.0,1670.0,1721
1781586000,8520744.82,1675.0,1665.0,1670.0,1704
1781589600,8520744.82,1675.0,1665.0,1670.0,1701
1781593200,8520744.82,1675.0,1665.0,1670.0,1701
1781596800,8520744.82,1675.0,1665.0,1670.0,1663
1781600400,8468266.62,1675.0,1665.0,1670.0,1624
1781604000,8468022.83,1675.0,1665.0,1670.0,1601
1781607600,8427430.38,1675.0,1665.0,1670.0,1568
1781611200,8394655.58,1675.0,1665.0,1670.0,1533
1781614800,11457826.37,1655.0,1645.0,1650.0,1524
1781618400,11457826.37,1655.0,1645.0,1650.0,1524
1781622000,10605485.34,1655.0,1645.0,1650.0,1386
1781625600,9901481.38,1655.0,1645.0,1650.0,1333
1781629200,9901481.38,1655.0,1645.0,1650.0,1333
1781632800,9990297.73,1795.0,1785.0,1790.0,739
1781636400,9990297.73,1795.0,1785.0,1790.0,765
1781640000,9990312.08,1795.0,1785.0,1790.0,791
1781643600,10013935.6,1795.0,1785.0,1790.0,808
1781647200,10023088.56,1795.0,1785.0,1790.0,819
1781650800,10023088.56,1795.0,1785.0,1790.0,825
1781654400,10023088.56,1795.0,1785.0,1790.0,832
1781658000,10023088.56,1795.0,1785.0,1790.0,834
1781661600,10330769.09,1665.0,1655.0,1660.0,1552
1781665200,10330769.09,1665.0,1655.0,1660.0,1552
1781668800,10330769.09,1665.0,1655.0,1660.0,1552
1781672400,10330769.09,1665.0,1655.0,1660.0,1552
1781676000,10330769.09,1665.0,1655.0,1660.0,1552
1781679600,10330769.09,1665.0,1655.0,1660.0,1552
1781683200,10330769.09,1665.0,1655.0,1660.0,1552
1781686800,10330769.09,1665.0,1655.0,1660.0,1552
1781690400,10330769.09,1665.0,1655.0,1660.0,1552
1781694000,10330769.09,1665.0,1655.0,1660.0,1552
1781697600,10330769.09,1665.0,1655.0,1660.0,1552
1781701200,10330769.09,1665.0,1655.0,1660.0,1552
1781704800,9626714.33,1815.0,1805.0,1810.0,732
1781708400,9626714.33,1815.0,1805.0,1810.0,732
1781712000,9626714.33,1815.0,1805.0,1810.0,732
1781715600,11773091.87,1795.0,1785.0,1790.0,1088
1781719200,12846119.21,1785.0,1775.0,1780.0,1111
1781722800,14138291.56,1785.0,1775.0,1780.0,1191
1781726400,14142854.55,1785.0,1775.0,1780.0,1193
1781730000,14142854.55,1785.0,1775.0,1780.0,1193
1781733600,14142854.55,1785.0,1775.0,1780.0,1193
1781737200,14142854.55,1785.0,1775.0,1780.0,1193
1781740800,14142854.55,1785.0,1775.0,1780.0,1193
1781744400,14142854.55,1785.0,1775.0,1780.0,1193
1781748000,14142854.55,1785.0,1775.0,1780.0,1193
1781751600,14142854.55,1785.0,1775.0,1780.0,1193
1781755200,14142854.55,1785.0,1775.0,1780.0,1193
1781758800,14142854.55,1785.0,1775.0,1780.0,1193
1781762400,14142854.55,1785.0,1775.0,1780.0,1193
1781766000,14142854.55,1785.0,1775.0,1780.0,1193
1781769600,14142854.55,1785.0,1775.0,1780.0,1193
1781773200,14142854.55,1785.0,1775.0,1780.0,1193
1781776800,14142854.55,1785.0,1775.0,1780.0,1193
1781780400,14142854.55,1785.0,1775.0,1780.0,1193
1781784000,14142854.55,1785.0,1775.0,1780.0,1193
1781787600,14142854.55,1785.0,1775.0,1780.0,1193
1781791200,14142854.55,1785.0,1775.0,1780.0,1193
1781794800,14142854.55,1785.0,1775.0,1780.0,1193
1781798400,14142854.55,1785.0,1775.0,1780.0,1193
1781802000,14142854.55,1785.0,1775.0,1780.0,1193
1781805600,11167346.03,1685.0,1675.0,1680.0,1370
1781809200,11128172.28,1685.0,1675.0,1680.0,1349
1781812800,11015398.31,1685.0,1675.0,1680.0,1307
1781816400,10982693.11,1685.0,1675.0,1680.0,1268
1781820000,10076482.38,1685.0,1675.0,1680.0,1223
1781823600,9968687.63,1685.0,1675.0,1680.0,1207
1781827200,9954610.32,1685.0,1675.0,1680.0,1202
